-- phpMyAdmin SQL Dump
-- version 4.2.7.1
-- http://www.phpmyadmin.net
--
-- Host: 127.0.0.1
-- Generation Time: Dec 10, 2019 at 12:15 PM
-- Server version: 5.5.39
-- PHP Version: 5.4.31

SET SQL_MODE = "NO_AUTO_VALUE_ON_ZERO";
SET time_zone = "+00:00";


/*!40101 SET @OLD_CHARACTER_SET_CLIENT=@@CHARACTER_SET_CLIENT */;
/*!40101 SET @OLD_CHARACTER_SET_RESULTS=@@CHARACTER_SET_RESULTS */;
/*!40101 SET @OLD_COLLATION_CONNECTION=@@COLLATION_CONNECTION */;
/*!40101 SET NAMES utf8 */;

--
-- Database: `spk`
--

-- --------------------------------------------------------

--
-- Table structure for table `admin`
--

CREATE TABLE IF NOT EXISTS `admin` (
  `username` varchar(50) COLLATE latin1_general_ci NOT NULL,
  `password` varchar(50) COLLATE latin1_general_ci NOT NULL
) ENGINE=MyISAM DEFAULT CHARSET=latin1 COLLATE=latin1_general_ci;

--
-- Dumping data for table `admin`
--

INSERT INTO `admin` (`username`, `password`) VALUES
('adi', 'c46335eb267e2e1cde5b017acb4cd799'),
('fajar', '24bc50d85ad8fa9cda686145cf1f8aca'),
('loli', '0fd06c7ae501e59de591a8d45c47cd38'),
('tina', 'ef2afe0ea76c76b6b4b1ee92864c4d5c'),
('fitri', '534a0b7aa872ad1340d0071cbfa38697');

-- --------------------------------------------------------

--
-- Table structure for table `alternatif`
--

CREATE TABLE IF NOT EXISTS `alternatif` (
`id_alternatif` int(11) NOT NULL,
  `nim` varchar(10) COLLATE latin1_general_ci NOT NULL,
  `nama` varchar(50) COLLATE latin1_general_ci NOT NULL,
  `jurusan` varchar(50) COLLATE latin1_general_ci NOT NULL
) ENGINE=MyISAM  DEFAULT CHARSET=latin1 COLLATE=latin1_general_ci AUTO_INCREMENT=452 ;

--
-- Dumping data for table `alternatif`
--

INSERT INTO `alternatif` (`id_alternatif`, `nim`, `nama`, `jurusan`) VALUES
(429, '007', 'widia letari', ''),
(436, '005', 'wahyuni ', ''),
(438, '009', 'Witia', ''),
(439, '004', 'titin', ''),
(440, '006', 'wanni', ''),
(442, '003', 'tisin', ''),
(444, '001', 'Syahroni', ''),
(445, '002', 'Syari hidayat', ''),
(447, '010', 'wiwik', ''),
(448, '008', 'wisnu', '');

-- --------------------------------------------------------

--
-- Table structure for table `hasilsaw`
--

CREATE TABLE IF NOT EXISTS `hasilsaw` (
`id` int(11) NOT NULL,
  `no` int(11) NOT NULL,
  `nama` varchar(200) NOT NULL,
  `nilai` float NOT NULL,
  `rangking` int(11) NOT NULL,
  `layak` varchar(100) NOT NULL
) ENGINE=InnoDB  DEFAULT CHARSET=latin1 AUTO_INCREMENT=487 ;

--
-- Dumping data for table `hasilsaw`
--

INSERT INTO `hasilsaw` (`id`, `no`, `nama`, `nilai`, `rangking`, `layak`) VALUES
(477, 1, 'Syahroni', 84.06, 8, 'Tidak Layak'),
(478, 2, 'Syari hidayat', 30.24, 10, 'Tidak Layak'),
(479, 3, 'tisin', 138.12, 2, 'Layak'),
(480, 4, 'titin', 126.21, 4, 'Layak'),
(481, 5, 'wahyuni ', 165, 1, 'Layak'),
(482, 6, 'wanni', 133.35, 3, 'Layak'),
(483, 7, 'widia letari', 124.53, 5, 'Tidak Layak'),
(484, 8, 'wisnu', 109.32, 7, 'Tidak Layak'),
(485, 9, 'Witia', 122.88, 6, 'Tidak Layak'),
(486, 10, 'wiwik', 75.75, 9, 'Tidak Layak');

-- --------------------------------------------------------

--
-- Table structure for table `himpunan`
--

CREATE TABLE IF NOT EXISTS `himpunan` (
`id_himpunan` int(11) NOT NULL,
  `id_kriteria` int(11) NOT NULL,
  `nama` varchar(50) COLLATE latin1_general_ci NOT NULL,
  `nilai` float NOT NULL
) ENGINE=MyISAM  DEFAULT CHARSET=latin1 COLLATE=latin1_general_ci AUTO_INCREMENT=131 ;

--
-- Dumping data for table `himpunan`
--

INSERT INTO `himpunan` (`id_himpunan`, `id_kriteria`, `nama`, `nilai`) VALUES
(1, 1, 'IPK < 2.50', 2.5),
(2, 1, '2.50 <= IPK <= 3.00', 5),
(3, 1, '3.00 < IPK <= 3.50', 7.5),
(4, 1, 'IPK > 3.50', 10),
(5, 2, 'X <= 1.000.000', 10),
(6, 2, '1.000.000 < X <= 3.000.000', 7.5),
(7, 2, '3.000.000 < X < 5.000.000', 5),
(8, 2, 'X >= 5.000.000', 2.5),
(9, 3, 'Semester 2', 0),
(10, 3, 'Semester 3', 2),
(11, 3, 'Semester 4', 4),
(12, 3, 'Semester 5', 6),
(13, 3, 'Semester 6', 8),
(14, 3, 'Semester 7', 10),
(15, 4, '1 anak', 0),
(16, 4, '2 anak', 2.5),
(17, 4, '3 anak', 5),
(18, 4, '4 anak', 7.5),
(19, 4, '5 anak', 10),
(20, 5, '18 tahun', 0),
(21, 5, '19 tahun', 2.5),
(22, 5, '20 tahun', 5),
(23, 5, '21 tahun', 7.5),
(24, 5, '22 tahun', 10),
(38, 11, 'Komputer', 10),
(52, 8, 'SMA', 30),
(51, 8, 'D3', 40),
(50, 8, 'S1', 50),
(49, 8, 'S2', 60),
(31, 7, '18-20', 30),
(32, 7, '21-25', 50),
(33, 7, '26-30', 40),
(34, 7, '31-35', 20),
(35, 7, '36-40', 10),
(36, 9, 'PUNYA PASPOR', 20),
(37, 9, 'TIDAK PUNYA PASPOR', 10),
(39, 11, 'bhs inggris', 20),
(40, 11, 'komputer dan bhs inggris', 30),
(41, 11, 'Otomotif', 10),
(42, 10, '0-20', 10),
(43, 10, '21-40', 20),
(44, 10, '41-60', 30),
(45, 10, '61-80', 40),
(46, 10, '81-100', 50),
(48, 8, 'S3', 70),
(53, 15, '18-20', 10),
(54, 15, '21-25', 30),
(55, 15, '26-30', 70),
(56, 15, '31-35', 50),
(57, 15, '36-40', 40),
(58, 15, '41-50', 20),
(59, 14, 'Punya Paspor', 20),
(60, 14, 'Tidak punya paspor', 10),
(61, 13, 'Punya', 20),
(62, 13, 'Tidak Punya', 10),
(87, 16, 'SD', 10),
(65, 12, '0-20', 10),
(66, 12, '21-30', 20),
(67, 16, 'SMP', 20),
(68, 16, 'SMA', 30),
(69, 16, 'D3', 40),
(70, 16, 'S1', 50),
(71, 16, 'S2', 60),
(72, 12, '31-35', 30),
(73, 12, '36-40', 40),
(74, 12, '41-50', 50),
(76, 17, 'Sehat', 20),
(77, 17, 'Cukup sehat', 10),
(78, 18, 'Bhs inggris', 20),
(79, 19, 'BAIK', 20),
(80, 19, 'TIDAK BAIK', 10),
(83, 21, 'Punya', 20),
(84, 21, 'Tidak Punya', 10),
(85, 22, 'Punya', 20),
(86, 22, 'Tidak Punya', 10),
(88, 16, 'S3', 70),
(89, 12, '51-60', 60),
(90, 12, '61-70', 70),
(91, 12, '71-80', 80),
(92, 12, '81-90', 90),
(93, 12, '91-100', 100),
(94, 29, '0-10', 10),
(95, 29, '11-20', 20),
(96, 29, '21-30', 30),
(97, 29, '31-40', 40),
(98, 29, '41-50', 50),
(99, 29, '51-60', 60),
(100, 29, '61-70', 70),
(101, 29, '71-80', 80),
(102, 29, '81-90', 90),
(103, 29, '91-100', 100),
(104, 30, 'SD', 10),
(105, 30, 'SMP', 20),
(106, 30, 'SMA', 30),
(107, 30, 'D3', 40),
(108, 30, 'S1', 50),
(109, 30, 'S2', 60),
(110, 30, 'S3', 70),
(111, 31, '0-2 Bidang', 10),
(112, 31, '3-4 Bidang', 30),
(113, 31, '5-6 Bidang', 50),
(114, 31, '7-8 Bidang', 70),
(115, 31, 'Lebih dari 9 Bidang', 90),
(116, 32, '18-20', 30),
(117, 32, '21-25', 50),
(118, 32, '26-30', 70),
(119, 32, '31-33', 90),
(120, 32, 'Lebih dari usia 34', 10),
(121, 33, 'Kurang', 10),
(122, 33, 'Cukup', 30),
(123, 33, 'Baik', 50),
(124, 33, 'Baik Sekali', 70),
(125, 33, 'Istimewa', 90),
(126, 34, 'Belum berpengalaman', 10),
(127, 34, '1-3 tahun', 30),
(128, 34, '4-5 tahun', 50),
(129, 34, '6-8 tahun', 70),
(130, 34, 'Lebih dari 9 tahun', 90);

-- --------------------------------------------------------

--
-- Table structure for table `klasifikasi`
--

CREATE TABLE IF NOT EXISTS `klasifikasi` (
  `id_alternatif` int(11) NOT NULL,
  `id_himpunan` int(11) NOT NULL
) ENGINE=MyISAM DEFAULT CHARSET=latin1 COLLATE=latin1_general_ci;

--
-- Dumping data for table `klasifikasi`
--

INSERT INTO `klasifikasi` (`id_alternatif`, `id_himpunan`) VALUES
(1, 23),
(1, 17),
(1, 13),
(1, 5),
(1, 3),
(2, 2),
(2, 7),
(2, 11),
(2, 17),
(2, 24),
(3, 3),
(3, 8),
(3, 10),
(3, 19),
(3, 21),
(6, 29),
(5, 30),
(5, 36),
(4, 26),
(4, 36),
(6, 37),
(4, 31),
(6, 33),
(5, 32),
(7, 43),
(7, 37),
(7, 29),
(7, 31),
(7, 39),
(8, 85),
(8, 84),
(8, 78),
(8, 76),
(8, 67),
(9, 86),
(9, 83),
(9, 78),
(9, 77),
(9, 69),
(10, 86),
(10, 83),
(10, 78),
(10, 76),
(10, 71),
(11, 86),
(11, 83),
(11, 78),
(11, 76),
(11, 69),
(12, 86),
(12, 84),
(12, 78),
(12, 77),
(12, 69),
(13, 86),
(13, 84),
(13, 78),
(13, 76),
(13, 68),
(14, 86),
(14, 83),
(14, 78),
(14, 76),
(14, 67),
(15, 86),
(15, 84),
(15, 78),
(15, 77),
(15, 67),
(16, 85),
(16, 84),
(16, 78),
(16, 77),
(16, 67),
(17, 86),
(17, 84),
(17, 78),
(17, 77),
(17, 69),
(18, 86),
(18, 84),
(18, 78),
(18, 76),
(18, 68),
(19, 86),
(19, 83),
(19, 78),
(19, 76),
(19, 67),
(20, 86),
(20, 83),
(20, 78),
(20, 76),
(20, 68),
(21, 86),
(21, 83),
(21, 78),
(21, 76),
(21, 68),
(22, 86),
(22, 84),
(22, 78),
(22, 76),
(22, 68),
(23, 86),
(23, 83),
(23, 78),
(23, 77),
(23, 68),
(24, 86),
(24, 83),
(24, 78),
(24, 77),
(24, 68),
(25, 86),
(25, 83),
(25, 78),
(25, 76),
(25, 69),
(26, 86),
(26, 84),
(26, 78),
(26, 76),
(26, 68),
(27, 86),
(27, 84),
(27, 78),
(27, 77),
(27, 69),
(28, 86),
(28, 84),
(28, 78),
(28, 76),
(28, 70),
(29, 86),
(29, 84),
(29, 78),
(29, 76),
(29, 69),
(30, 86),
(30, 83),
(30, 78),
(30, 76),
(30, 68),
(31, 86),
(31, 83),
(31, 78),
(31, 76),
(31, 68),
(32, 86),
(32, 84),
(32, 78),
(32, 76),
(32, 70),
(359, 53),
(33, 85),
(33, 83),
(33, 78),
(33, 77),
(34, 86),
(34, 83),
(34, 78),
(34, 77),
(34, 68),
(35, 86),
(35, 83),
(35, 78),
(35, 77),
(35, 69),
(36, 85),
(36, 83),
(36, 78),
(36, 76),
(36, 69),
(37, 86),
(37, 83),
(37, 78),
(37, 76),
(37, 69),
(38, 85),
(38, 83),
(38, 78),
(38, 76),
(38, 71),
(39, 85),
(39, 84),
(39, 78),
(39, 76),
(39, 68),
(40, 85),
(40, 83),
(40, 78),
(40, 77),
(40, 68),
(41, 86),
(41, 83),
(41, 78),
(41, 76),
(41, 69),
(42, 86),
(42, 84),
(42, 78),
(42, 77),
(42, 69),
(43, 86),
(43, 84),
(43, 78),
(43, 76),
(43, 69),
(44, 86),
(44, 84),
(44, 78),
(44, 76),
(44, 69),
(45, 85),
(45, 84),
(45, 78),
(45, 76),
(45, 68),
(46, 86),
(46, 84),
(46, 78),
(46, 77),
(46, 67),
(47, 86),
(47, 84),
(47, 78),
(47, 77),
(47, 68),
(48, 85),
(48, 84),
(48, 78),
(48, 77),
(48, 70),
(49, 86),
(49, 84),
(49, 78),
(49, 76),
(49, 67),
(50, 53),
(50, 59),
(50, 61),
(50, 65),
(50, 68),
(50, 76),
(51, 86),
(51, 84),
(51, 78),
(51, 76),
(51, 67),
(51, 65),
(51, 61),
(51, 59),
(51, 53),
(52, 54),
(52, 60),
(52, 62),
(52, 66),
(52, 68),
(52, 77),
(52, 78),
(52, 80),
(52, 82),
(53, 55),
(53, 59),
(53, 63),
(53, 72),
(53, 69),
(53, 76),
(53, 78),
(53, 79),
(53, 82),
(54, 56),
(54, 59),
(54, 63),
(54, 66),
(54, 68),
(54, 77),
(54, 78),
(54, 80),
(54, 81),
(55, 57),
(55, 59),
(55, 62),
(55, 73),
(55, 68),
(55, 76),
(55, 78),
(55, 79),
(55, 81),
(56, 58),
(56, 59),
(56, 62),
(56, 65),
(56, 69),
(56, 76),
(56, 78),
(56, 80),
(56, 81),
(57, 55),
(57, 59),
(57, 62),
(57, 66),
(57, 67),
(57, 76),
(57, 78),
(57, 80),
(57, 81),
(58, 55),
(58, 59),
(58, 61),
(58, 72),
(58, 69),
(58, 76),
(58, 78),
(58, 79),
(58, 82),
(59, 58),
(59, 59),
(59, 62),
(59, 74),
(59, 71),
(59, 77),
(59, 78),
(59, 79),
(59, 81),
(60, 54),
(60, 59),
(60, 62),
(60, 72),
(60, 69),
(60, 76),
(60, 78),
(60, 79),
(60, 82),
(61, 55),
(61, 59),
(61, 62),
(61, 72),
(61, 67),
(61, 77),
(61, 78),
(61, 79),
(61, 82),
(62, 57),
(62, 59),
(62, 61),
(62, 66),
(62, 69),
(62, 76),
(62, 78),
(62, 80),
(62, 81),
(63, 53),
(63, 59),
(63, 61),
(63, 66),
(63, 69),
(63, 76),
(63, 78),
(63, 80),
(63, 81),
(64, 56),
(64, 59),
(64, 61),
(64, 66),
(64, 67),
(64, 76),
(64, 78),
(64, 79),
(64, 82),
(65, 53),
(65, 59),
(65, 63),
(65, 65),
(65, 67),
(65, 76),
(65, 78),
(65, 79),
(65, 81),
(66, 55),
(66, 59),
(66, 62),
(66, 72),
(66, 69),
(66, 76),
(66, 78),
(66, 79),
(66, 81),
(67, 55),
(67, 59),
(67, 61),
(67, 65),
(67, 68),
(67, 76),
(67, 78),
(67, 79),
(67, 81),
(68, 54),
(68, 59),
(68, 61),
(68, 72),
(68, 69),
(68, 77),
(68, 78),
(68, 79),
(68, 81),
(69, 57),
(69, 59),
(69, 61),
(69, 72),
(69, 70),
(69, 76),
(69, 78),
(69, 79),
(69, 82),
(70, 54),
(70, 60),
(70, 63),
(70, 73),
(70, 69),
(70, 76),
(70, 78),
(70, 80),
(70, 81),
(71, 54),
(71, 59),
(71, 61),
(71, 66),
(71, 70),
(71, 77),
(71, 78),
(71, 79),
(71, 81),
(72, 55),
(72, 59),
(72, 61),
(72, 66),
(72, 68),
(72, 76),
(72, 78),
(72, 80),
(72, 81),
(73, 53),
(73, 59),
(73, 61),
(73, 66),
(73, 68),
(73, 77),
(73, 78),
(73, 80),
(73, 81),
(74, 57),
(74, 59),
(74, 62),
(74, 65),
(74, 69),
(74, 77),
(74, 78),
(74, 79),
(74, 81),
(75, 54),
(75, 60),
(75, 61),
(75, 65),
(75, 68),
(75, 77),
(75, 78),
(75, 79),
(75, 81),
(76, 53),
(76, 60),
(76, 62),
(76, 65),
(76, 69),
(76, 76),
(76, 78),
(76, 79),
(76, 81),
(77, 55),
(77, 59),
(77, 61),
(77, 66),
(77, 67),
(77, 77),
(77, 78),
(77, 79),
(77, 82),
(78, 57),
(78, 59),
(78, 61),
(78, 72),
(78, 68),
(78, 76),
(78, 78),
(78, 79),
(78, 81),
(79, 54),
(79, 59),
(79, 61),
(79, 66),
(79, 67),
(79, 76),
(79, 78),
(79, 79),
(79, 81),
(80, 54),
(80, 59),
(80, 61),
(80, 65),
(80, 67),
(80, 76),
(80, 78),
(80, 79),
(80, 81),
(81, 58),
(81, 59),
(81, 61),
(81, 66),
(81, 68),
(81, 76),
(81, 78),
(81, 79),
(81, 81),
(82, 57),
(82, 59),
(82, 61),
(82, 66),
(82, 67),
(82, 76),
(82, 78),
(82, 79),
(82, 81),
(83, 53),
(83, 59),
(83, 61),
(83, 65),
(83, 68),
(83, 76),
(83, 78),
(83, 79),
(83, 81),
(84, 55),
(84, 59),
(84, 61),
(84, 73),
(84, 67),
(84, 76),
(84, 78),
(84, 79),
(84, 81),
(85, 53),
(85, 59),
(85, 61),
(85, 65),
(85, 68),
(85, 77),
(85, 78),
(85, 79),
(85, 81),
(86, 57),
(86, 59),
(86, 61),
(86, 66),
(86, 67),
(86, 77),
(86, 78),
(86, 79),
(86, 81),
(87, 53),
(87, 59),
(87, 62),
(87, 65),
(87, 68),
(87, 76),
(87, 78),
(87, 79),
(87, 81),
(88, 55),
(88, 59),
(88, 61),
(88, 66),
(88, 69),
(88, 76),
(88, 78),
(88, 79),
(88, 81),
(89, 54),
(89, 59),
(89, 61),
(89, 65),
(89, 67),
(89, 76),
(89, 78),
(89, 79),
(89, 81),
(90, 56),
(90, 59),
(90, 61),
(90, 66),
(90, 67),
(90, 77),
(90, 78),
(90, 79),
(90, 81),
(91, 53),
(91, 59),
(91, 61),
(91, 65),
(91, 67),
(91, 76),
(91, 78),
(91, 79),
(91, 81),
(92, 54),
(92, 59),
(92, 61),
(92, 65),
(92, 67),
(92, 76),
(92, 78),
(92, 79),
(92, 81),
(93, 53),
(93, 59),
(93, 61),
(93, 65),
(93, 68),
(93, 76),
(93, 78),
(93, 79),
(93, 81),
(94, 54),
(94, 59),
(94, 61),
(94, 72),
(94, 67),
(94, 76),
(94, 78),
(94, 79),
(94, 81),
(95, 54),
(95, 60),
(95, 63),
(95, 65),
(95, 67),
(95, 76),
(95, 78),
(95, 79),
(95, 81),
(96, 57),
(96, 59),
(96, 61),
(96, 66),
(96, 67),
(96, 76),
(96, 78),
(96, 79),
(96, 81),
(97, 54),
(97, 59),
(97, 61),
(97, 65),
(97, 67),
(97, 76),
(97, 78),
(97, 79),
(97, 82),
(98, 53),
(98, 59),
(98, 61),
(98, 65),
(98, 67),
(98, 76),
(98, 78),
(98, 79),
(98, 82),
(99, 55),
(99, 59),
(99, 61),
(99, 65),
(99, 68),
(99, 76),
(99, 78),
(99, 79),
(99, 81),
(100, 55),
(100, 59),
(100, 61),
(100, 65),
(100, 69),
(100, 76),
(100, 78),
(100, 79),
(100, 81),
(101, 53),
(101, 59),
(101, 61),
(101, 66),
(101, 68),
(101, 76),
(101, 78),
(101, 79),
(101, 81),
(102, 54),
(102, 59),
(102, 61),
(102, 65),
(102, 67),
(102, 76),
(102, 78),
(102, 79),
(102, 81),
(103, 57),
(103, 59),
(103, 61),
(103, 65),
(103, 67),
(103, 76),
(103, 78),
(103, 79),
(103, 81),
(104, 53),
(104, 59),
(104, 61),
(104, 66),
(104, 67),
(104, 76),
(104, 78),
(104, 79),
(104, 81),
(105, 54),
(105, 59),
(105, 61),
(105, 65),
(105, 67),
(105, 76),
(105, 78),
(105, 79),
(105, 81),
(106, 54),
(106, 59),
(106, 61),
(106, 65),
(106, 67),
(106, 76),
(106, 78),
(106, 79),
(106, 81),
(107, 53),
(107, 59),
(107, 61),
(107, 65),
(107, 67),
(107, 76),
(107, 78),
(107, 79),
(107, 81),
(108, 56),
(108, 60),
(108, 61),
(108, 72),
(108, 67),
(108, 76),
(108, 78),
(108, 79),
(108, 81),
(109, 55),
(109, 59),
(109, 62),
(109, 73),
(109, 68),
(109, 77),
(109, 78),
(109, 79),
(109, 81),
(110, 57),
(110, 59),
(110, 61),
(110, 65),
(110, 69),
(110, 76),
(110, 78),
(110, 79),
(110, 81),
(111, 55),
(111, 59),
(111, 61),
(111, 65),
(111, 67),
(111, 76),
(111, 78),
(111, 79),
(111, 81),
(112, 56),
(112, 59),
(112, 61),
(112, 65),
(112, 69),
(112, 77),
(112, 78),
(112, 79),
(112, 81),
(113, 54),
(113, 59),
(113, 61),
(113, 65),
(113, 67),
(113, 76),
(113, 78),
(113, 80),
(113, 81),
(114, 54),
(114, 59),
(114, 61),
(114, 65),
(114, 67),
(114, 76),
(114, 78),
(114, 79),
(114, 81),
(115, 53),
(115, 59),
(115, 61),
(115, 65),
(115, 68),
(115, 76),
(115, 78),
(115, 79),
(115, 81),
(116, 54),
(116, 59),
(116, 61),
(116, 66),
(116, 67),
(116, 76),
(116, 78),
(116, 79),
(116, 81),
(117, 55),
(117, 60),
(117, 61),
(117, 72),
(117, 69),
(117, 76),
(117, 78),
(117, 79),
(117, 81),
(118, 54),
(118, 59),
(118, 61),
(118, 65),
(118, 67),
(118, 76),
(118, 78),
(118, 80),
(118, 81),
(119, 55),
(119, 59),
(119, 61),
(119, 65),
(119, 67),
(119, 76),
(119, 78),
(119, 79),
(119, 81),
(120, 53),
(120, 59),
(120, 61),
(120, 65),
(120, 67),
(120, 77),
(120, 78),
(120, 79),
(120, 81),
(121, 53),
(121, 59),
(121, 61),
(121, 65),
(121, 67),
(121, 76),
(121, 78),
(121, 79),
(121, 81),
(122, 54),
(122, 59),
(122, 61),
(122, 65),
(122, 67),
(122, 76),
(122, 78),
(122, 80),
(122, 81),
(123, 53),
(123, 59),
(123, 61),
(123, 65),
(123, 67),
(123, 76),
(123, 78),
(123, 79),
(123, 81),
(124, 53),
(124, 59),
(124, 62),
(124, 65),
(124, 67),
(124, 76),
(124, 78),
(124, 79),
(124, 81),
(125, 55),
(125, 59),
(125, 61),
(125, 65),
(125, 67),
(125, 76),
(125, 78),
(125, 79),
(125, 81),
(33, 88),
(33, 65),
(33, 61),
(33, 60),
(24, 66),
(24, 62),
(24, 59),
(24, 53),
(23, 73),
(23, 61),
(23, 59),
(23, 55),
(30, 72),
(30, 62),
(30, 59),
(30, 55),
(40, 72),
(40, 61),
(40, 59),
(40, 55),
(19, 74),
(19, 61),
(19, 60),
(19, 55),
(41, 72),
(41, 61),
(41, 59),
(41, 55),
(36, 72),
(36, 62),
(36, 60),
(36, 55),
(48, 73),
(48, 61),
(48, 59),
(48, 54),
(14, 72),
(14, 61),
(14, 59),
(14, 56),
(38, 73),
(38, 61),
(38, 59),
(38, 55),
(37, 74),
(37, 61),
(37, 59),
(37, 55),
(8, 66),
(8, 62),
(8, 59),
(8, 54),
(11, 72),
(11, 61),
(11, 59),
(11, 56),
(31, 72),
(31, 61),
(31, 59),
(31, 56),
(16, 65),
(16, 61),
(16, 60),
(16, 55),
(9, 73),
(9, 61),
(9, 60),
(9, 56),
(25, 66),
(25, 61),
(25, 60),
(25, 55),
(34, 72),
(34, 61),
(34, 59),
(34, 55),
(20, 72),
(20, 62),
(20, 59),
(20, 55),
(35, 66),
(35, 62),
(35, 59),
(35, 56),
(10, 66),
(10, 61),
(10, 59),
(10, 53),
(21, 66),
(21, 61),
(21, 59),
(21, 55),
(29, 72),
(29, 62),
(29, 60),
(29, 55),
(43, 72),
(43, 62),
(43, 59),
(43, 55),
(44, 65),
(44, 62),
(44, 60),
(44, 55),
(15, 73),
(15, 62),
(15, 59),
(15, 55),
(17, 65),
(17, 62),
(17, 59),
(17, 57),
(27, 72),
(27, 62),
(27, 60),
(27, 55),
(42, 73),
(42, 62),
(42, 59),
(42, 55),
(32, 66),
(32, 62),
(32, 59),
(32, 54),
(12, 74),
(12, 62),
(12, 59),
(12, 56),
(18, 66),
(18, 62),
(18, 59),
(18, 56),
(22, 65),
(22, 62),
(22, 59),
(22, 55),
(13, 66),
(13, 62),
(13, 60),
(13, 57),
(47, 66),
(47, 62),
(47, 59),
(47, 53),
(46, 74),
(46, 62),
(46, 60),
(46, 57),
(28, 73),
(28, 62),
(28, 60),
(28, 55),
(45, 66),
(45, 62),
(45, 59),
(45, 55),
(49, 72),
(49, 62),
(49, 60),
(49, 55),
(26, 66),
(26, 62),
(26, 59),
(26, 56),
(39, 72),
(39, 61),
(39, 59),
(39, 56),
(126, 57),
(126, 59),
(126, 61),
(126, 65),
(126, 68),
(126, 76),
(126, 78),
(126, 79),
(126, 81),
(127, 54),
(127, 59),
(127, 61),
(127, 65),
(127, 71),
(127, 76),
(127, 78),
(127, 79),
(127, 81),
(128, 54),
(128, 60),
(128, 62),
(128, 72),
(128, 67),
(128, 77),
(128, 78),
(128, 80),
(128, 81),
(129, 57),
(129, 60),
(129, 61),
(129, 65),
(129, 67),
(129, 76),
(129, 78),
(129, 79),
(129, 81),
(130, 83),
(130, 81),
(130, 78),
(130, 77),
(130, 68),
(130, 66),
(130, 62),
(130, 59),
(130, 54),
(131, 54),
(131, 59),
(131, 63),
(131, 65),
(131, 70),
(131, 76),
(131, 78),
(131, 79),
(131, 81),
(132, 54),
(132, 59),
(132, 63),
(132, 65),
(132, 67),
(132, 76),
(132, 78),
(132, 79),
(132, 81),
(133, 53),
(133, 59),
(133, 61),
(133, 66),
(133, 68),
(133, 76),
(133, 78),
(133, 79),
(133, 81),
(134, 56),
(134, 60),
(134, 61),
(134, 72),
(134, 69),
(134, 76),
(134, 78),
(134, 79),
(134, 81),
(135, 54),
(135, 59),
(135, 61),
(135, 73),
(135, 67),
(135, 76),
(135, 78),
(135, 79),
(135, 82),
(136, 53),
(136, 59),
(136, 61),
(136, 65),
(136, 68),
(136, 76),
(136, 78),
(136, 79),
(136, 81),
(137, 58),
(137, 60),
(137, 62),
(137, 65),
(137, 67),
(137, 76),
(137, 78),
(137, 80),
(137, 81),
(138, 55),
(138, 59),
(138, 61),
(138, 73),
(138, 67),
(138, 76),
(138, 78),
(138, 79),
(138, 82),
(139, 53),
(139, 59),
(139, 61),
(139, 72),
(139, 67),
(139, 77),
(139, 78),
(139, 79),
(139, 82),
(140, 53),
(140, 59),
(140, 61),
(140, 65),
(140, 68),
(140, 76),
(140, 78),
(140, 79),
(140, 82),
(141, 55),
(141, 59),
(141, 61),
(141, 65),
(141, 67),
(141, 76),
(141, 78),
(141, 80),
(141, 81),
(142, 54),
(142, 59),
(142, 61),
(142, 73),
(142, 67),
(142, 76),
(142, 78),
(142, 79),
(142, 82),
(143, 56),
(143, 60),
(143, 61),
(143, 72),
(143, 69),
(143, 76),
(143, 78),
(143, 80),
(143, 81),
(144, 56),
(144, 59),
(144, 62),
(144, 72),
(144, 67),
(144, 76),
(144, 78),
(144, 79),
(144, 81),
(145, 55),
(145, 59),
(145, 61),
(145, 72),
(145, 69),
(145, 76),
(145, 78),
(145, 79),
(145, 81),
(146, 53),
(146, 59),
(146, 61),
(146, 72),
(146, 67),
(146, 76),
(146, 78),
(146, 79),
(146, 82),
(147, 56),
(147, 59),
(147, 62),
(147, 74),
(147, 68),
(147, 77),
(147, 78),
(147, 79),
(147, 82),
(148, 54),
(148, 59),
(148, 63),
(148, 66),
(148, 67),
(148, 76),
(148, 78),
(148, 79),
(148, 82),
(149, 53),
(149, 59),
(149, 61),
(149, 65),
(149, 67),
(149, 76),
(149, 78),
(149, 79),
(149, 81),
(150, 55),
(150, 59),
(150, 61),
(150, 66),
(150, 68),
(150, 76),
(150, 78),
(150, 80),
(150, 81),
(151, 53),
(151, 60),
(151, 62),
(151, 65),
(151, 67),
(151, 76),
(151, 78),
(151, 80),
(151, 81),
(152, 57),
(152, 59),
(152, 61),
(152, 66),
(152, 68),
(152, 77),
(152, 78),
(152, 79),
(152, 82),
(153, 53),
(153, 59),
(153, 61),
(153, 65),
(153, 67),
(153, 76),
(153, 78),
(153, 79),
(153, 82),
(154, 54),
(154, 59),
(154, 62),
(154, 66),
(154, 67),
(154, 76),
(154, 78),
(154, 79),
(154, 82),
(155, 53),
(155, 59),
(155, 62),
(155, 66),
(155, 67),
(155, 76),
(155, 78),
(155, 79),
(155, 81),
(156, 55),
(156, 59),
(156, 61),
(156, 73),
(156, 68),
(156, 76),
(156, 78),
(156, 79),
(156, 82),
(157, 53),
(157, 59),
(157, 62),
(157, 65),
(157, 69),
(157, 76),
(157, 78),
(157, 79),
(157, 82),
(158, 54),
(158, 59),
(158, 61),
(158, 72),
(158, 68),
(158, 76),
(158, 78),
(158, 79),
(158, 81),
(159, 54),
(159, 59),
(159, 61),
(159, 72),
(159, 67),
(159, 76),
(159, 78),
(159, 80),
(159, 81),
(160, 57),
(160, 59),
(160, 61),
(160, 65),
(160, 68),
(160, 76),
(160, 78),
(160, 79),
(160, 82),
(161, 57),
(161, 59),
(161, 63),
(161, 65),
(161, 67),
(161, 77),
(161, 78),
(161, 80),
(161, 82),
(162, 54),
(162, 59),
(162, 63),
(162, 74),
(162, 69),
(162, 76),
(162, 78),
(162, 79),
(162, 82),
(163, 58),
(163, 59),
(163, 61),
(163, 66),
(163, 68),
(163, 77),
(163, 78),
(163, 79),
(163, 82),
(164, 57),
(164, 59),
(164, 62),
(164, 72),
(164, 67),
(164, 76),
(164, 78),
(164, 80),
(164, 82),
(165, 54),
(165, 59),
(165, 61),
(165, 66),
(165, 70),
(165, 77),
(165, 78),
(165, 79),
(165, 82),
(166, 53),
(166, 59),
(166, 62),
(166, 65),
(166, 67),
(166, 76),
(166, 78),
(166, 80),
(166, 81),
(167, 55),
(167, 59),
(167, 62),
(167, 66),
(167, 68),
(167, 76),
(167, 78),
(167, 79),
(167, 82),
(168, 58),
(168, 59),
(168, 63),
(168, 65),
(168, 70),
(168, 76),
(168, 78),
(168, 79),
(168, 82),
(169, 54),
(169, 59),
(169, 61),
(169, 65),
(169, 69),
(169, 76),
(169, 78),
(169, 79),
(169, 81),
(170, 53),
(170, 60),
(170, 61),
(170, 65),
(170, 68),
(170, 77),
(170, 78),
(170, 80),
(170, 82),
(171, 53),
(171, 59),
(171, 61),
(171, 65),
(171, 67),
(171, 76),
(171, 78),
(171, 79),
(171, 81),
(172, 53),
(172, 59),
(172, 62),
(172, 66),
(172, 68),
(172, 77),
(172, 78),
(172, 79),
(172, 82),
(173, 55),
(173, 59),
(173, 63),
(173, 72),
(173, 69),
(173, 76),
(173, 78),
(173, 80),
(173, 81),
(174, 53),
(174, 59),
(174, 61),
(174, 65),
(174, 70),
(174, 76),
(174, 78),
(174, 80),
(174, 81),
(175, 56),
(175, 60),
(175, 61),
(175, 73),
(175, 70),
(175, 76),
(175, 78),
(175, 79),
(175, 81),
(176, 57),
(176, 59),
(176, 61),
(176, 65),
(176, 67),
(176, 76),
(176, 78),
(176, 79),
(176, 81),
(177, 55),
(177, 59),
(177, 61),
(177, 65),
(177, 68),
(177, 76),
(177, 78),
(177, 80),
(177, 82),
(178, 53),
(178, 59),
(178, 62),
(178, 66),
(178, 67),
(178, 76),
(178, 78),
(178, 79),
(178, 82),
(179, 53),
(179, 60),
(179, 61),
(179, 66),
(179, 67),
(179, 76),
(179, 78),
(179, 79),
(179, 81),
(180, 55),
(180, 59),
(180, 61),
(180, 65),
(180, 68),
(180, 76),
(180, 78),
(180, 79),
(180, 81),
(181, 55),
(181, 59),
(181, 61),
(181, 66),
(181, 67),
(181, 76),
(181, 78),
(181, 79),
(181, 81),
(182, 54),
(182, 59),
(182, 61),
(182, 65),
(182, 67),
(182, 76),
(182, 78),
(182, 79),
(182, 81),
(183, 53),
(183, 59),
(183, 61),
(183, 65),
(183, 68),
(183, 76),
(183, 78),
(183, 79),
(183, 81),
(184, 53),
(184, 59),
(184, 61),
(184, 65),
(184, 67),
(184, 77),
(184, 78),
(184, 79),
(184, 81),
(185, 55),
(185, 59),
(185, 61),
(185, 65),
(185, 67),
(185, 76),
(185, 78),
(185, 79),
(185, 81),
(186, 54),
(186, 59),
(186, 61),
(186, 66),
(186, 67),
(186, 76),
(186, 78),
(186, 79),
(186, 81),
(187, 54),
(187, 59),
(187, 61),
(187, 65),
(187, 67),
(187, 76),
(187, 78),
(187, 79),
(187, 82),
(188, 54),
(188, 59),
(188, 61),
(188, 73),
(188, 67),
(188, 76),
(188, 78),
(188, 79),
(188, 82),
(189, 56),
(189, 59),
(189, 61),
(189, 65),
(189, 67),
(189, 76),
(189, 78),
(189, 79),
(189, 81),
(190, 53),
(190, 59),
(190, 61),
(190, 72),
(190, 67),
(190, 77),
(190, 78),
(190, 80),
(190, 82),
(191, 53),
(191, 59),
(191, 61),
(191, 74),
(191, 69),
(191, 76),
(191, 78),
(191, 79),
(191, 81),
(192, 53),
(192, 59),
(192, 61),
(192, 65),
(192, 67),
(192, 76),
(192, 78),
(192, 79),
(192, 81),
(193, 53),
(193, 59),
(193, 63),
(193, 72),
(193, 67),
(193, 76),
(193, 78),
(193, 79),
(193, 81),
(194, 58),
(194, 59),
(194, 63),
(194, 65),
(194, 67),
(194, 76),
(194, 78),
(194, 79),
(194, 81),
(195, 54),
(195, 59),
(195, 61),
(195, 65),
(195, 67),
(195, 76),
(195, 78),
(195, 79),
(195, 81),
(196, 53),
(196, 59),
(196, 61),
(196, 66),
(196, 67),
(196, 76),
(196, 78),
(196, 79),
(196, 82),
(197, 53),
(197, 59),
(197, 61),
(197, 65),
(197, 67),
(197, 77),
(197, 78),
(197, 79),
(197, 82),
(198, 54),
(198, 59),
(198, 61),
(198, 65),
(198, 67),
(198, 76),
(198, 78),
(198, 79),
(198, 81),
(199, 53),
(199, 59),
(199, 61),
(199, 65),
(199, 67),
(199, 76),
(199, 78),
(199, 79),
(199, 81),
(200, 56),
(200, 59),
(200, 61),
(200, 65),
(200, 67),
(200, 77),
(200, 78),
(200, 79),
(200, 81),
(201, 55),
(201, 59),
(201, 61),
(201, 65),
(201, 67),
(201, 76),
(201, 78),
(201, 79),
(201, 82),
(202, 53),
(202, 59),
(202, 61),
(202, 65),
(202, 67),
(202, 76),
(202, 78),
(202, 79),
(202, 81),
(203, 57),
(203, 59),
(203, 61),
(203, 65),
(203, 69),
(203, 76),
(203, 78),
(203, 79),
(203, 82),
(204, 53),
(204, 59),
(204, 63),
(204, 65),
(204, 70),
(204, 76),
(204, 78),
(204, 79),
(204, 81),
(205, 53),
(205, 59),
(205, 61),
(205, 66),
(205, 67),
(205, 76),
(205, 78),
(205, 79),
(205, 82),
(206, 53),
(206, 59),
(206, 61),
(206, 66),
(206, 67),
(206, 76),
(206, 78),
(206, 79),
(206, 81),
(207, 53),
(207, 59),
(207, 61),
(207, 72),
(207, 67),
(207, 76),
(207, 78),
(207, 79),
(207, 81),
(208, 53),
(208, 59),
(208, 61),
(208, 65),
(208, 68),
(208, 76),
(208, 78),
(208, 79),
(208, 81),
(209, 53),
(209, 59),
(209, 61),
(209, 65),
(209, 67),
(209, 76),
(209, 78),
(209, 80),
(209, 81),
(210, 53),
(210, 59),
(210, 61),
(210, 65),
(210, 67),
(210, 76),
(210, 78),
(210, 79),
(210, 81),
(211, 55),
(211, 59),
(211, 61),
(211, 66),
(211, 69),
(211, 76),
(211, 78),
(211, 79),
(211, 81),
(212, 53),
(212, 59),
(212, 61),
(212, 65),
(212, 67),
(212, 76),
(212, 78),
(212, 79),
(212, 82),
(213, 53),
(213, 59),
(213, 61),
(213, 65),
(213, 68),
(213, 76),
(213, 78),
(213, 79),
(213, 82),
(214, 54),
(214, 59),
(214, 61),
(214, 65),
(214, 67),
(214, 76),
(214, 78),
(214, 79),
(214, 81),
(215, 53),
(215, 59),
(215, 61),
(215, 65),
(215, 67),
(215, 77),
(215, 78),
(215, 79),
(215, 81),
(216, 83),
(216, 82),
(216, 78),
(216, 76),
(216, 67),
(216, 65),
(216, 61),
(216, 59),
(216, 53),
(217, 54),
(217, 59),
(217, 61),
(217, 65),
(217, 67),
(217, 77),
(217, 78),
(217, 79),
(217, 81),
(218, 53),
(218, 59),
(218, 61),
(218, 65),
(218, 67),
(218, 76),
(218, 78),
(218, 79),
(218, 81),
(219, 54),
(219, 59),
(219, 63),
(219, 73),
(219, 69),
(219, 76),
(219, 78),
(219, 79),
(219, 82),
(220, 53),
(220, 59),
(220, 61),
(220, 72),
(220, 70),
(220, 76),
(220, 78),
(220, 80),
(220, 82),
(221, 53),
(221, 60),
(221, 61),
(221, 73),
(221, 67),
(221, 77),
(221, 78),
(221, 80),
(221, 81),
(222, 58),
(222, 59),
(222, 61),
(222, 65),
(222, 67),
(222, 76),
(222, 78),
(222, 79),
(222, 81),
(223, 53),
(223, 59),
(223, 61),
(223, 66),
(223, 67),
(223, 76),
(223, 78),
(223, 79),
(223, 81),
(224, 53),
(224, 59),
(224, 61),
(224, 65),
(224, 67),
(224, 76),
(224, 78),
(224, 79),
(224, 81),
(225, 53),
(225, 59),
(225, 61),
(225, 65),
(225, 67),
(225, 76),
(225, 78),
(225, 79),
(225, 82),
(226, 53),
(226, 59),
(226, 61),
(226, 65),
(226, 67),
(226, 76),
(226, 78),
(226, 79),
(226, 82),
(227, 53),
(227, 59),
(227, 61),
(227, 65),
(227, 67),
(227, 76),
(227, 78),
(227, 79),
(227, 81),
(228, 53),
(228, 59),
(228, 61),
(228, 73),
(228, 69),
(228, 76),
(228, 78),
(228, 79),
(228, 81),
(229, 54),
(229, 60),
(229, 62),
(229, 66),
(229, 67),
(229, 76),
(229, 78),
(229, 80),
(229, 82),
(230, 83),
(230, 81),
(230, 78),
(230, 76),
(230, 67),
(230, 65),
(230, 61),
(230, 60),
(230, 54),
(231, 53),
(231, 59),
(231, 62),
(231, 65),
(231, 67),
(231, 76),
(231, 78),
(231, 79),
(231, 81),
(232, 53),
(232, 60),
(232, 63),
(232, 73),
(232, 67),
(232, 76),
(232, 78),
(232, 79),
(232, 82),
(233, 53),
(233, 59),
(233, 61),
(233, 65),
(233, 67),
(233, 76),
(233, 78),
(233, 79),
(233, 82),
(234, 85),
(234, 83),
(234, 81),
(234, 78),
(234, 76),
(234, 69),
(234, 66),
(234, 61),
(235, 53),
(235, 59),
(235, 61),
(235, 66),
(235, 67),
(235, 76),
(235, 78),
(235, 79),
(235, 82),
(236, 58),
(236, 59),
(236, 63),
(236, 74),
(236, 71),
(236, 77),
(236, 78),
(236, 79),
(236, 81),
(237, 54),
(237, 59),
(237, 62),
(237, 72),
(237, 71),
(237, 76),
(237, 78),
(237, 80),
(237, 81),
(238, 53),
(238, 59),
(238, 61),
(238, 66),
(238, 68),
(238, 76),
(238, 78),
(238, 79),
(238, 81),
(239, 53),
(239, 59),
(239, 61),
(239, 65),
(239, 67),
(239, 76),
(239, 78),
(239, 79),
(239, 81),
(240, 53),
(240, 59),
(240, 61),
(240, 65),
(240, 67),
(240, 76),
(240, 78),
(240, 79),
(240, 81),
(241, 53),
(241, 59),
(241, 61),
(241, 66),
(241, 68),
(241, 76),
(241, 78),
(241, 79),
(241, 82),
(242, 53),
(242, 59),
(242, 61),
(242, 65),
(242, 67),
(242, 76),
(242, 78),
(242, 79),
(242, 81),
(243, 53),
(243, 59),
(243, 61),
(243, 65),
(243, 67),
(243, 76),
(243, 78),
(243, 79),
(243, 81),
(244, 53),
(244, 59),
(244, 61),
(244, 65),
(244, 67),
(244, 76),
(244, 78),
(244, 79),
(244, 81),
(245, 53),
(245, 60),
(245, 61),
(245, 65),
(245, 67),
(245, 76),
(245, 78),
(245, 79),
(245, 81),
(246, 53),
(246, 59),
(246, 61),
(246, 65),
(246, 68),
(246, 76),
(246, 78),
(246, 79),
(246, 81),
(247, 53),
(247, 59),
(247, 61),
(247, 65),
(247, 67),
(247, 76),
(247, 78),
(247, 79),
(247, 81),
(248, 54),
(248, 59),
(248, 61),
(248, 65),
(248, 68),
(248, 76),
(248, 78),
(248, 80),
(248, 81),
(249, 53),
(249, 59),
(249, 61),
(249, 65),
(249, 67),
(249, 76),
(249, 78),
(249, 80),
(249, 81),
(250, 53),
(250, 59),
(250, 61),
(250, 65),
(250, 67),
(250, 76),
(250, 78),
(250, 80),
(250, 81),
(251, 53),
(251, 59),
(251, 61),
(251, 65),
(251, 67),
(251, 76),
(251, 78),
(251, 79),
(251, 81),
(252, 53),
(252, 59),
(252, 61),
(252, 66),
(252, 67),
(252, 76),
(252, 78),
(252, 79),
(252, 81),
(253, 54),
(253, 59),
(253, 61),
(253, 65),
(253, 67),
(253, 76),
(253, 78),
(253, 79),
(253, 81),
(254, 54),
(254, 59),
(254, 61),
(254, 65),
(254, 71),
(254, 76),
(254, 78),
(254, 79),
(254, 81),
(255, 53),
(255, 59),
(255, 61),
(255, 65),
(255, 67),
(255, 76),
(255, 78),
(255, 79),
(255, 81),
(256, 53),
(256, 60),
(256, 61),
(256, 66),
(256, 67),
(256, 76),
(256, 78),
(256, 79),
(256, 81),
(257, 53),
(257, 59),
(257, 61),
(257, 65),
(257, 68),
(257, 76),
(257, 78),
(257, 79),
(257, 81),
(258, 53),
(258, 59),
(258, 61),
(258, 65),
(258, 67),
(258, 76),
(258, 78),
(258, 80),
(258, 81),
(259, 53),
(259, 59),
(259, 61),
(259, 66),
(259, 67),
(259, 76),
(259, 78),
(259, 79),
(259, 81),
(260, 53),
(260, 59),
(260, 61),
(260, 65),
(260, 67),
(260, 76),
(260, 78),
(260, 79),
(260, 81),
(261, 53),
(261, 59),
(261, 62),
(261, 65),
(261, 67),
(261, 76),
(261, 78),
(261, 80),
(261, 81),
(262, 53),
(262, 59),
(262, 61),
(262, 65),
(262, 67),
(262, 76),
(262, 78),
(262, 79),
(262, 81),
(263, 53),
(263, 59),
(263, 61),
(263, 65),
(263, 67),
(263, 76),
(263, 78),
(263, 79),
(263, 81),
(264, 53),
(264, 59),
(264, 61),
(264, 65),
(264, 67),
(264, 77),
(264, 78),
(264, 79),
(264, 81),
(265, 53),
(265, 59),
(265, 61),
(265, 65),
(265, 67),
(265, 76),
(265, 78),
(265, 79),
(265, 81),
(266, 53),
(266, 59),
(266, 61),
(266, 65),
(266, 68),
(266, 76),
(266, 78),
(266, 79),
(266, 81),
(267, 53),
(267, 59),
(267, 61),
(267, 65),
(267, 68),
(267, 76),
(267, 78),
(267, 79),
(267, 81),
(268, 53),
(268, 60),
(268, 61),
(268, 65),
(268, 67),
(268, 76),
(268, 78),
(268, 79),
(268, 81),
(269, 54),
(269, 59),
(269, 61),
(269, 65),
(269, 67),
(269, 76),
(269, 78),
(269, 79),
(269, 81),
(270, 53),
(270, 59),
(270, 61),
(270, 65),
(270, 67),
(270, 76),
(270, 78),
(270, 79),
(270, 81),
(271, 54),
(271, 59),
(271, 61),
(271, 65),
(271, 67),
(271, 76),
(271, 78),
(271, 79),
(271, 81),
(272, 53),
(272, 59),
(272, 61),
(272, 65),
(272, 67),
(272, 76),
(272, 78),
(272, 79),
(272, 81),
(273, 53),
(273, 59),
(273, 61),
(273, 65),
(273, 67),
(273, 76),
(273, 78),
(273, 79),
(273, 81),
(274, 53),
(274, 59),
(274, 61),
(274, 65),
(274, 67),
(274, 76),
(274, 78),
(274, 79),
(274, 81),
(275, 53),
(275, 59),
(275, 61),
(275, 65),
(275, 67),
(275, 76),
(275, 78),
(275, 79),
(275, 82),
(276, 54),
(276, 60),
(276, 63),
(276, 65),
(276, 67),
(276, 76),
(276, 78),
(276, 79),
(276, 81),
(277, 53),
(277, 59),
(277, 61),
(277, 65),
(277, 67),
(277, 76),
(277, 78),
(277, 79),
(277, 81),
(278, 54),
(278, 59),
(278, 61),
(278, 65),
(278, 67),
(278, 76),
(278, 78),
(278, 79),
(278, 81),
(279, 53),
(279, 59),
(279, 61),
(279, 65),
(279, 67),
(279, 76),
(279, 78),
(279, 79),
(279, 82),
(280, 53),
(280, 59),
(280, 61),
(280, 65),
(280, 67),
(280, 76),
(280, 78),
(280, 79),
(280, 81),
(281, 53),
(281, 59),
(281, 61),
(281, 65),
(281, 67),
(281, 76),
(281, 78),
(281, 79),
(281, 81),
(282, 53),
(282, 59),
(282, 61),
(282, 65),
(282, 67),
(282, 76),
(282, 78),
(282, 79),
(282, 81),
(283, 53),
(283, 59),
(283, 62),
(283, 65),
(283, 67),
(283, 76),
(283, 78),
(283, 79),
(283, 81),
(284, 53),
(284, 59),
(284, 61),
(284, 65),
(284, 67),
(284, 76),
(284, 78),
(284, 79),
(284, 81),
(285, 53),
(285, 59),
(285, 61),
(285, 65),
(285, 67),
(285, 76),
(285, 78),
(285, 79),
(285, 81),
(286, 53),
(286, 59),
(286, 61),
(286, 65),
(286, 67),
(286, 76),
(286, 78),
(286, 79),
(286, 81),
(287, 53),
(287, 59),
(287, 61),
(287, 65),
(287, 67),
(287, 76),
(287, 78),
(287, 80),
(287, 82),
(288, 53),
(288, 59),
(288, 61),
(288, 65),
(288, 67),
(288, 76),
(288, 78),
(288, 79),
(288, 81),
(289, 53),
(289, 59),
(289, 61),
(289, 65),
(289, 67),
(289, 76),
(289, 78),
(289, 79),
(289, 81),
(290, 53),
(290, 59),
(290, 61),
(290, 65),
(290, 67),
(290, 76),
(290, 78),
(290, 79),
(290, 81),
(291, 53),
(291, 59),
(291, 61),
(291, 65),
(291, 67),
(291, 76),
(291, 78),
(291, 79),
(291, 81),
(292, 53),
(292, 59),
(292, 61),
(292, 65),
(292, 67),
(292, 76),
(292, 78),
(292, 79),
(292, 81),
(293, 53),
(293, 60),
(293, 61),
(293, 65),
(293, 67),
(293, 76),
(293, 78),
(293, 79),
(293, 82),
(294, 54),
(294, 59),
(294, 61),
(294, 65),
(294, 67),
(294, 76),
(294, 78),
(294, 79),
(294, 82),
(295, 53),
(295, 60),
(295, 61),
(295, 65),
(295, 67),
(295, 76),
(295, 78),
(295, 79),
(295, 82),
(296, 53),
(296, 59),
(296, 61),
(296, 66),
(296, 67),
(296, 76),
(296, 78),
(296, 79),
(296, 81),
(297, 53),
(297, 59),
(297, 61),
(297, 65),
(297, 67),
(297, 76),
(297, 78),
(297, 79),
(297, 81),
(298, 53),
(298, 59),
(298, 61),
(298, 66),
(298, 67),
(298, 76),
(298, 78),
(298, 79),
(298, 81),
(299, 54),
(299, 59),
(299, 61),
(299, 65),
(299, 67),
(299, 76),
(299, 78),
(299, 79),
(299, 82),
(300, 53),
(300, 59),
(300, 61),
(300, 65),
(300, 68),
(300, 76),
(300, 78),
(300, 79),
(300, 81),
(301, 53),
(301, 59),
(301, 61),
(301, 65),
(301, 67),
(301, 76),
(301, 78),
(301, 79),
(301, 81),
(302, 53),
(302, 59),
(302, 61),
(302, 65),
(302, 67),
(302, 76),
(302, 78),
(302, 79),
(302, 82),
(303, 53),
(303, 59),
(303, 61),
(303, 65),
(303, 67),
(303, 76),
(303, 78),
(303, 79),
(303, 81),
(304, 53),
(304, 59),
(304, 61),
(304, 65),
(304, 67),
(304, 76),
(304, 78),
(304, 79),
(304, 81),
(305, 53),
(305, 60),
(305, 61),
(305, 66),
(305, 67),
(305, 76),
(305, 78),
(305, 79),
(305, 82),
(306, 53),
(306, 59),
(306, 61),
(306, 66),
(306, 70),
(306, 76),
(306, 78),
(306, 79),
(306, 82),
(307, 53),
(307, 60),
(307, 63),
(307, 74),
(307, 67),
(307, 77),
(307, 78),
(307, 79),
(307, 82),
(308, 58),
(308, 59),
(308, 63),
(308, 72),
(308, 68),
(308, 76),
(308, 78),
(308, 79),
(308, 81),
(309, 53),
(309, 59),
(309, 63),
(309, 65),
(309, 68),
(309, 76),
(309, 78),
(309, 79),
(309, 81),
(310, 53),
(310, 59),
(310, 63),
(310, 66),
(310, 69),
(310, 76),
(310, 78),
(310, 80),
(310, 81),
(311, 82),
(311, 78),
(311, 77),
(311, 69),
(311, 65),
(311, 62),
(311, 60),
(311, 55),
(312, 53),
(312, 59),
(312, 61),
(312, 65),
(312, 68),
(312, 76),
(312, 78),
(312, 80),
(312, 82),
(313, 57),
(313, 59),
(313, 61),
(313, 66),
(313, 69),
(313, 76),
(313, 78),
(313, 79),
(313, 81),
(314, 54),
(314, 59),
(314, 61),
(314, 65),
(314, 67),
(314, 76),
(314, 78),
(314, 79),
(314, 82),
(315, 53),
(315, 59),
(315, 61),
(315, 65),
(315, 67),
(315, 76),
(315, 78),
(315, 79),
(315, 81),
(316, 53),
(316, 59),
(316, 61),
(316, 66),
(316, 69),
(316, 76),
(316, 78),
(316, 79),
(316, 81),
(317, 54),
(317, 59),
(317, 63),
(317, 65),
(317, 67),
(317, 77),
(317, 78),
(317, 79),
(317, 81),
(318, 53),
(318, 59),
(318, 61),
(318, 66),
(318, 69),
(318, 76),
(318, 78),
(318, 79),
(318, 82),
(319, 53),
(319, 59),
(319, 63),
(319, 65),
(319, 68),
(319, 76),
(319, 78),
(319, 79),
(319, 82),
(320, 54),
(320, 59),
(320, 61),
(320, 65),
(320, 67),
(320, 76),
(320, 78),
(320, 79),
(320, 82),
(321, 53),
(321, 59),
(321, 62),
(321, 66),
(321, 67),
(321, 76),
(321, 78),
(321, 79),
(321, 82),
(322, 54),
(322, 59),
(322, 61),
(322, 66),
(322, 68),
(322, 77),
(322, 78),
(322, 79),
(322, 81),
(323, 56),
(323, 59),
(323, 62),
(323, 66),
(323, 69),
(323, 77),
(323, 78),
(323, 80),
(323, 81),
(324, 53),
(324, 59),
(324, 61),
(324, 66),
(324, 68),
(324, 77),
(324, 78),
(324, 79),
(324, 81),
(325, 53),
(325, 59),
(325, 61),
(325, 65),
(325, 67),
(325, 77),
(325, 78),
(325, 79),
(325, 81),
(326, 55),
(326, 59),
(326, 61),
(326, 65),
(326, 70),
(326, 76),
(326, 78),
(326, 79),
(326, 81),
(327, 53),
(327, 59),
(327, 61),
(327, 65),
(327, 67),
(327, 76),
(327, 78),
(327, 79),
(327, 81),
(328, 54),
(328, 59),
(328, 61),
(328, 66),
(328, 68),
(328, 76),
(328, 78),
(328, 79),
(328, 81),
(329, 54),
(329, 59),
(329, 63),
(329, 65),
(329, 68),
(329, 76),
(329, 78),
(329, 79),
(329, 82),
(330, 53),
(330, 59),
(330, 61),
(330, 66),
(330, 68),
(330, 76),
(330, 78),
(330, 79),
(330, 81),
(331, 54),
(331, 59),
(331, 61),
(331, 66),
(331, 68),
(331, 76),
(331, 78),
(331, 79),
(331, 81),
(332, 55),
(332, 59),
(332, 61),
(332, 65),
(332, 68),
(332, 76),
(332, 78),
(332, 79),
(332, 81),
(333, 55),
(333, 59),
(333, 62),
(333, 66),
(333, 68),
(333, 76),
(333, 78),
(333, 79),
(333, 81),
(334, 55),
(334, 59),
(334, 61),
(334, 66),
(334, 67),
(334, 76),
(334, 78),
(334, 79),
(334, 81),
(335, 54),
(335, 59),
(335, 62),
(335, 66),
(335, 68),
(335, 76),
(335, 78),
(335, 79),
(335, 81),
(336, 56),
(336, 59),
(336, 63),
(336, 66),
(336, 68),
(336, 76),
(336, 78),
(336, 79),
(336, 81),
(337, 55),
(337, 59),
(337, 61),
(337, 66),
(337, 68),
(337, 76),
(337, 78),
(337, 80),
(337, 81),
(338, 54),
(338, 59),
(338, 61),
(338, 66),
(338, 68),
(338, 76),
(338, 78),
(338, 79),
(338, 81),
(339, 55),
(339, 59),
(339, 61),
(339, 66),
(339, 69),
(339, 76),
(339, 78),
(339, 79),
(339, 81),
(340, 54),
(340, 59),
(340, 63),
(340, 66),
(340, 68),
(340, 76),
(340, 78),
(340, 79),
(340, 81),
(341, 58),
(341, 59),
(341, 61),
(341, 65),
(341, 71),
(341, 76),
(341, 78),
(341, 79),
(341, 81),
(342, 54),
(342, 59),
(342, 61),
(342, 66),
(342, 67),
(342, 76),
(342, 78),
(342, 79),
(342, 81),
(343, 54),
(343, 59),
(343, 61),
(343, 66),
(343, 67),
(343, 76),
(343, 78),
(343, 79),
(343, 82),
(344, 54),
(344, 59),
(344, 62),
(344, 66),
(344, 67),
(344, 76),
(344, 78),
(344, 79),
(344, 81),
(345, 54),
(345, 59),
(345, 61),
(345, 72),
(345, 68),
(345, 76),
(345, 78),
(345, 79),
(345, 82),
(346, 55),
(346, 59),
(346, 61),
(346, 65),
(346, 68),
(346, 76),
(346, 78),
(346, 79),
(346, 81),
(347, 54),
(347, 59),
(347, 62),
(347, 74),
(347, 67),
(347, 76),
(347, 78),
(347, 80),
(347, 82),
(348, 54),
(348, 59),
(348, 61),
(348, 66),
(348, 68),
(348, 76),
(348, 78),
(348, 79),
(348, 81),
(349, 55),
(349, 59),
(349, 62),
(349, 66),
(349, 68),
(349, 76),
(349, 78),
(349, 79),
(349, 82),
(350, 53),
(350, 59),
(350, 61),
(350, 73),
(350, 68),
(350, 76),
(350, 78),
(350, 79),
(350, 81),
(351, 53),
(351, 59),
(351, 61),
(351, 66),
(351, 67),
(351, 76),
(351, 78),
(351, 79),
(351, 81),
(352, 55),
(352, 59),
(352, 61),
(352, 65),
(352, 67),
(352, 76),
(352, 78),
(352, 80),
(352, 81),
(353, 54),
(353, 59),
(353, 61),
(353, 66),
(353, 68),
(353, 76),
(353, 78),
(353, 79),
(353, 81),
(354, 53),
(354, 59),
(354, 61),
(354, 66),
(354, 67),
(354, 76),
(354, 78),
(354, 79),
(354, 81),
(355, 54),
(355, 59),
(355, 61),
(355, 72),
(355, 68),
(355, 76),
(355, 78),
(355, 79),
(355, 81),
(356, 54),
(356, 59),
(356, 62),
(356, 66),
(356, 68),
(356, 76),
(356, 78),
(356, 79),
(356, 81),
(357, 54),
(357, 59),
(357, 61),
(357, 66),
(357, 68),
(357, 76),
(357, 78),
(357, 79),
(357, 81),
(358, 54),
(358, 59),
(358, 62),
(358, 72),
(358, 68),
(358, 76),
(358, 78),
(358, 79),
(358, 82),
(234, 59),
(234, 53),
(216, 85),
(230, 86),
(130, 85),
(33, 53),
(359, 60),
(359, 62),
(359, 65),
(359, 87),
(359, 77),
(359, 78),
(359, 84),
(359, 86),
(360, 53),
(360, 60),
(360, 62),
(360, 65),
(360, 67),
(360, 76),
(360, 78),
(360, 83),
(360, 86),
(361, 54),
(361, 60),
(361, 61),
(361, 65),
(361, 87),
(361, 76),
(361, 78),
(361, 83),
(361, 86),
(362, 54),
(362, 60),
(362, 62),
(362, 66),
(362, 87),
(362, 76),
(362, 78),
(362, 84),
(362, 85),
(363, 86),
(363, 84),
(363, 78),
(363, 76),
(363, 87),
(363, 65),
(363, 62),
(363, 60),
(363, 55),
(364, 54),
(364, 60),
(364, 61),
(364, 66),
(364, 87),
(364, 76),
(364, 78),
(364, 83),
(364, 85),
(365, 85),
(365, 83),
(365, 78),
(365, 76),
(365, 87),
(365, 65),
(365, 61),
(365, 60),
(365, 54),
(366, 54),
(366, 60),
(366, 62),
(366, 66),
(366, 87),
(366, 77),
(366, 78),
(366, 83),
(366, 85),
(367, 54),
(367, 59),
(367, 61),
(367, 65),
(367, 87),
(367, 76),
(367, 78),
(367, 83),
(367, 85),
(368, 54),
(368, 59),
(368, 61),
(368, 65),
(368, 87),
(368, 76),
(368, 78),
(368, 83),
(368, 85),
(369, 54),
(369, 59),
(369, 62),
(369, 65),
(369, 87),
(369, 76),
(369, 78),
(369, 83),
(369, 86),
(370, 55),
(370, 60),
(370, 61),
(370, 66),
(370, 67),
(370, 77),
(370, 78),
(370, 83),
(370, 85),
(371, 55),
(371, 60),
(371, 61),
(371, 65),
(371, 87),
(371, 76),
(371, 78),
(371, 83),
(371, 85),
(372, 55),
(372, 59),
(372, 62),
(372, 66),
(372, 67),
(372, 76),
(372, 78),
(372, 83),
(372, 85),
(373, 54),
(373, 59),
(373, 62),
(373, 66),
(373, 67),
(373, 76),
(373, 78),
(373, 84),
(373, 85),
(374, 55),
(374, 60),
(374, 61),
(374, 66),
(374, 67),
(374, 76),
(374, 78),
(374, 83),
(374, 85),
(375, 58),
(375, 59),
(375, 62),
(375, 65),
(375, 87),
(375, 76),
(375, 78),
(375, 83),
(375, 85),
(376, 54),
(376, 60),
(376, 61),
(376, 66),
(376, 67),
(376, 77),
(376, 78),
(376, 83),
(376, 86),
(377, 55),
(377, 60),
(377, 61),
(377, 66),
(377, 68),
(377, 76),
(377, 78),
(377, 83),
(377, 85),
(378, 55),
(378, 60),
(378, 61),
(378, 66),
(378, 87),
(378, 77),
(378, 78),
(378, 83),
(378, 86),
(379, 54),
(379, 60),
(379, 62),
(379, 73),
(379, 68),
(379, 77),
(379, 78),
(379, 83),
(379, 85),
(380, 54),
(380, 60),
(380, 62),
(380, 72),
(380, 67),
(380, 76),
(380, 78),
(380, 83),
(380, 86),
(0, 54),
(0, 60),
(0, 61),
(0, 65),
(0, 67),
(0, 76),
(0, 78),
(0, 83),
(0, 85),
(381, 55),
(381, 60),
(381, 62),
(381, 66),
(381, 67),
(381, 77),
(381, 78),
(381, 83),
(381, 86),
(382, 54),
(382, 60),
(382, 62),
(382, 65),
(382, 67),
(382, 76),
(382, 78),
(382, 84),
(382, 86),
(383, 53),
(383, 59),
(383, 61),
(383, 66),
(383, 67),
(383, 76),
(383, 78),
(383, 84),
(383, 86),
(384, 54),
(384, 60),
(384, 62),
(384, 65),
(384, 67),
(384, 77),
(384, 78),
(384, 84),
(384, 86),
(385, 55),
(385, 60),
(385, 62),
(385, 66),
(385, 67),
(385, 77),
(385, 78),
(385, 84),
(385, 86),
(386, 56),
(386, 60),
(386, 62),
(386, 65),
(386, 87),
(386, 77),
(386, 78),
(386, 84),
(386, 86),
(387, 55),
(387, 60),
(387, 62),
(387, 66),
(387, 67),
(387, 77),
(387, 78),
(387, 83),
(387, 86),
(388, 56),
(388, 60),
(388, 62),
(388, 73),
(388, 67),
(388, 77),
(388, 78),
(388, 84),
(388, 86),
(389, 55),
(389, 60),
(389, 61),
(389, 72),
(389, 68),
(389, 77),
(389, 78),
(389, 84),
(389, 85),
(390, 58),
(390, 60),
(390, 62),
(390, 73),
(390, 67),
(390, 77),
(390, 78),
(390, 84),
(390, 85),
(391, 54),
(391, 60),
(391, 62),
(391, 66),
(391, 67),
(391, 77),
(391, 78),
(391, 84),
(391, 86),
(392, 57),
(392, 60),
(392, 62),
(392, 66),
(392, 68),
(392, 77),
(392, 78),
(392, 84),
(392, 86),
(393, 55),
(393, 60),
(393, 62),
(393, 66),
(393, 68),
(393, 76),
(393, 78),
(393, 84),
(393, 85),
(394, 54),
(394, 60),
(394, 62),
(394, 72),
(394, 68),
(394, 76),
(394, 78),
(394, 84),
(394, 85),
(395, 56),
(395, 60),
(395, 62),
(395, 66),
(395, 67),
(395, 77),
(395, 78),
(395, 84),
(395, 86),
(396, 57),
(396, 60),
(396, 61),
(396, 65),
(396, 87),
(396, 76),
(396, 78),
(396, 83),
(396, 85),
(397, 55),
(397, 60),
(397, 61),
(397, 65),
(397, 67),
(397, 76),
(397, 78),
(397, 83),
(397, 85),
(398, 53),
(398, 60),
(398, 61),
(398, 65),
(398, 67),
(398, 76),
(398, 78),
(398, 83),
(398, 85),
(399, 55),
(399, 60),
(399, 61),
(399, 66),
(399, 67),
(399, 77),
(399, 78),
(399, 84),
(399, 86),
(400, 55),
(400, 60),
(400, 61),
(400, 65),
(400, 87),
(400, 76),
(400, 78),
(400, 83),
(400, 86),
(401, 54),
(401, 60),
(401, 62),
(401, 65),
(401, 87),
(401, 76),
(401, 78),
(401, 83),
(401, 85),
(402, 57),
(402, 59),
(402, 62),
(402, 72),
(402, 67),
(402, 76),
(402, 78),
(402, 83),
(402, 85),
(403, 55),
(403, 60),
(403, 62),
(403, 65),
(403, 87),
(403, 76),
(403, 78),
(403, 83),
(403, 85),
(404, 55),
(404, 59),
(404, 62),
(404, 72),
(404, 67),
(404, 76),
(404, 78),
(404, 84),
(404, 86),
(405, 57),
(405, 59),
(405, 61),
(405, 65),
(405, 68),
(405, 76),
(405, 78),
(405, 83),
(405, 85),
(406, 56),
(406, 60),
(406, 62),
(406, 66),
(406, 67),
(406, 77),
(406, 78),
(406, 84),
(406, 86),
(407, 58),
(407, 60),
(407, 61),
(407, 65),
(407, 87),
(407, 76),
(407, 78),
(407, 84),
(407, 86),
(408, 56),
(408, 60),
(408, 62),
(408, 72),
(408, 67),
(408, 76),
(408, 78),
(408, 83),
(408, 86),
(409, 85),
(409, 84),
(409, 78),
(409, 77),
(409, 87),
(409, 65),
(409, 62),
(409, 60),
(409, 55),
(410, 86),
(410, 83),
(410, 78),
(410, 77),
(410, 67),
(410, 66),
(410, 61),
(410, 59),
(410, 55),
(411, 55),
(411, 60),
(411, 62),
(411, 66),
(411, 67),
(411, 76),
(411, 78),
(411, 83),
(411, 85),
(412, 56),
(412, 59),
(412, 62),
(412, 66),
(412, 67),
(412, 76),
(412, 78),
(412, 83),
(412, 86),
(413, 56),
(413, 60),
(413, 62),
(413, 65),
(413, 68),
(413, 77),
(413, 78),
(413, 84),
(413, 86),
(414, 53),
(414, 60),
(414, 62),
(414, 66),
(414, 67),
(414, 76),
(414, 78),
(414, 84),
(414, 85),
(415, 55),
(415, 60),
(415, 62),
(415, 66),
(415, 67),
(415, 77),
(415, 78),
(415, 84),
(415, 85),
(416, 55),
(416, 60),
(416, 61),
(416, 66),
(416, 68),
(416, 76),
(416, 78),
(416, 83),
(416, 85),
(417, 54),
(417, 60),
(417, 62),
(417, 66),
(417, 68),
(417, 76),
(417, 78),
(417, 83),
(417, 85),
(418, 55),
(418, 60),
(418, 62),
(418, 66),
(418, 87),
(418, 76),
(418, 78),
(418, 84),
(418, 85),
(419, 53),
(419, 60),
(419, 61),
(419, 66),
(419, 67),
(419, 77),
(419, 78),
(419, 84),
(419, 86),
(420, 55),
(420, 60),
(420, 61),
(420, 66),
(420, 68),
(420, 76),
(420, 78),
(420, 83),
(420, 85),
(421, 54),
(421, 60),
(421, 62),
(421, 65),
(421, 87),
(421, 76),
(421, 78),
(421, 84),
(421, 85),
(422, 55),
(422, 60),
(422, 62),
(422, 74),
(422, 69),
(422, 77),
(422, 78),
(422, 84),
(422, 86),
(423, 54),
(423, 60),
(423, 62),
(423, 66),
(423, 67),
(423, 77),
(423, 78),
(423, 84),
(423, 86),
(424, 54),
(424, 60),
(424, 62),
(424, 66),
(424, 67),
(424, 77),
(424, 78),
(424, 83),
(424, 86),
(425, 55),
(425, 60),
(425, 62),
(425, 72),
(425, 68),
(425, 76),
(425, 78),
(425, 84),
(425, 86),
(426, 54),
(426, 60),
(426, 62),
(426, 66),
(426, 68),
(426, 77),
(426, 78),
(426, 84),
(426, 86),
(427, 55),
(427, 59),
(427, 62),
(427, 66),
(427, 67),
(427, 77),
(427, 78),
(427, 84),
(427, 86),
(428, 56),
(428, 60),
(428, 62),
(428, 66),
(428, 67),
(428, 77),
(428, 78),
(428, 83),
(428, 86),
(429, 128),
(429, 123),
(429, 118),
(429, 113),
(429, 108),
(429, 98),
(430, 55),
(430, 59),
(430, 62),
(430, 73),
(430, 68),
(430, 77),
(430, 78),
(430, 84),
(430, 86),
(431, 54),
(431, 60),
(431, 62),
(431, 66),
(431, 67),
(431, 77),
(431, 78),
(431, 84),
(431, 86),
(432, 85),
(432, 84),
(432, 78),
(432, 77),
(432, 68),
(432, 72),
(432, 62),
(432, 60),
(432, 56),
(433, 57),
(433, 60),
(433, 62),
(433, 73),
(433, 67),
(433, 76),
(433, 78),
(433, 83),
(433, 85),
(434, 54),
(434, 60),
(434, 62),
(434, 72),
(434, 67),
(434, 77),
(434, 78),
(434, 84),
(434, 86),
(435, 54),
(435, 60),
(435, 62),
(435, 66),
(435, 67),
(435, 76),
(435, 78),
(435, 83),
(435, 85),
(436, 129),
(436, 124),
(436, 119),
(436, 115),
(436, 106),
(436, 102),
(437, 55),
(437, 60),
(437, 62),
(437, 72),
(437, 67),
(437, 77),
(437, 78),
(437, 84),
(437, 86),
(438, 128),
(438, 123),
(438, 118),
(438, 113),
(438, 107),
(438, 99),
(439, 128),
(439, 123),
(439, 118),
(439, 113),
(439, 107),
(439, 100),
(440, 129),
(440, 124),
(440, 120),
(440, 114),
(440, 109),
(440, 98),
(441, 54),
(441, 60),
(441, 62),
(441, 66),
(441, 67),
(441, 77),
(441, 78),
(441, 84),
(441, 86),
(442, 129),
(442, 123),
(442, 118),
(442, 113),
(442, 107),
(442, 101),
(443, 56),
(443, 60),
(443, 62),
(443, 72),
(443, 67),
(443, 76),
(443, 78),
(443, 84),
(443, 86),
(444, 127),
(444, 122),
(444, 118),
(444, 112),
(444, 106),
(444, 96),
(445, 126),
(445, 121),
(445, 116),
(445, 111),
(445, 104),
(445, 94),
(446, 56),
(446, 60),
(446, 62),
(446, 66),
(446, 67),
(446, 76),
(446, 78),
(446, 84),
(446, 86),
(447, 127),
(447, 122),
(447, 117),
(447, 113),
(447, 105),
(447, 95),
(448, 128),
(448, 122),
(448, 117),
(448, 113),
(448, 108),
(448, 98),
(449, 77),
(449, 67),
(449, 66),
(449, 62),
(449, 60),
(449, 54),
(450, 56),
(450, 60),
(450, 62),
(450, 66),
(450, 87),
(450, 77),
(450, 78),
(450, 83),
(450, 86),
(451, 56),
(451, 60),
(451, 62),
(451, 72),
(451, 67),
(451, 77),
(451, 78),
(451, 84),
(451, 85);

-- --------------------------------------------------------

--
-- Table structure for table `kriteria`
--

CREATE TABLE IF NOT EXISTS `kriteria` (
`id_kriteria` int(11) NOT NULL,
  `nama` varchar(50) COLLATE latin1_general_ci NOT NULL,
  `atribut` enum('benefit','cost') COLLATE latin1_general_ci NOT NULL,
  `bobot` float NOT NULL
) ENGINE=MyISAM  DEFAULT CHARSET=latin1 COLLATE=latin1_general_ci AUTO_INCREMENT=37 ;

--
-- Dumping data for table `kriteria`
--

INSERT INTO `kriteria` (`id_kriteria`, `nama`, `atribut`, `bobot`) VALUES
(34, 'Pengalaman Kerja (K6)', 'benefit', 30),
(33, 'Tes Wawancara Kerja (K5)', 'benefit', 30),
(32, 'Usia (K4)', 'benefit', 30),
(29, 'Hasil Tes (K1)', 'benefit', 30),
(30, 'Pendidikan Terakhir (K2)', 'benefit', 30),
(31, 'Keahlian (K3)', 'benefit', 30);

--
-- Indexes for dumped tables
--

--
-- Indexes for table `admin`
--
ALTER TABLE `admin`
 ADD PRIMARY KEY (`username`);

--
-- Indexes for table `alternatif`
--
ALTER TABLE `alternatif`
 ADD PRIMARY KEY (`id_alternatif`);

--
-- Indexes for table `hasilsaw`
--
ALTER TABLE `hasilsaw`
 ADD PRIMARY KEY (`id`);

--
-- Indexes for table `himpunan`
--
ALTER TABLE `himpunan`
 ADD PRIMARY KEY (`id_himpunan`);

--
-- Indexes for table `kriteria`
--
ALTER TABLE `kriteria`
 ADD PRIMARY KEY (`id_kriteria`);

--
-- AUTO_INCREMENT for dumped tables
--

--
-- AUTO_INCREMENT for table `alternatif`
--
ALTER TABLE `alternatif`
MODIFY `id_alternatif` int(11) NOT NULL AUTO_INCREMENT,AUTO_INCREMENT=452;
--
-- AUTO_INCREMENT for table `hasilsaw`
--
ALTER TABLE `hasilsaw`
MODIFY `id` int(11) NOT NULL AUTO_INCREMENT,AUTO_INCREMENT=487;
--
-- AUTO_INCREMENT for table `himpunan`
--
ALTER TABLE `himpunan`
MODIFY `id_himpunan` int(11) NOT NULL AUTO_INCREMENT,AUTO_INCREMENT=131;
--
-- AUTO_INCREMENT for table `kriteria`
--
ALTER TABLE `kriteria`
MODIFY `id_kriteria` int(11) NOT NULL AUTO_INCREMENT,AUTO_INCREMENT=37;
/*!40101 SET CHARACTER_SET_CLIENT=@OLD_CHARACTER_SET_CLIENT */;
/*!40101 SET CHARACTER_SET_RESULTS=@OLD_CHARACTER_SET_RESULTS */;
/*!40101 SET COLLATION_CONNECTION=@OLD_COLLATION_CONNECTION */;
